{
  "trained_at": "2025-11-08T23:08:44.935555Z",
  "lr": {
    "weights": [
      -0.12735134143739685,
      0.0024932666264341923,
      -0.06934063605393435,
      1.9698367283350913,
      0.01759904463355148
    ],
    "feature_cols": [
      "experience_years",
      "hourly_rate",
      "feedback_score",
      "session_count"
    ],
    "standardize_mean": {
      "experience_years": 4.465,
      "hourly_rate": 40.015,
      "feedback_score": 3.9789999999999996,
      "session_count": 2.81
    },
    "standardize_std": {
      "experience_years": 2.743429794103702,
      "hourly_rate": 2.79757163182212,
      "feedback_score": 0.6043053240069258,
      "session_count": 1.478115056618738
    },
    "alpha": 0.01,
    "epochs": 1000,
    "threshold": 0.7,
    "metrics": {
      "accuracy": 0.975,
      "precision": 0.95,
      "recall": 1.0,
      "f1_score": 0.9743589743589743
    }
  },
  "meta": {
    "categorical_cols": [
      "subject",
      "preferred_mode",
      "teaching_mode"
    ],
    "all_columns": [
      "student_id",
      "tutor_id",
      "feedback_score",
      "session_count",
      "match_success",
      "name_stu",
      "preferred_subject",
      "budget",
      "learning_mode",
      "location_stu",
      "name_tut",
      "qualification",
      "experience_years",
      "subjects_offered",
      "location_tut",
      "teaching_mode",
      "rating",
      "hourly_rate",
      "subject",
      "preferred_mode"
    ]
  },
  "cf": {
    "student_ids": [
      "S001",
      "S002",
      "S003",
      "S004",
      "S005",
      "S006",
      "S007",
      "S008",
      "S009",
      "S010",
      "S011",
      "S012",
      "S013",
      "S014",
      "S015",
      "S016",
      "S017",
      "S018",
      "S019",
      "S020",
      "S021",
      "S022",
      "S023",
      "S024",
      "S025",
      "S026",
      "S027",
      "S028",
      "S029",
      "S030",
      "S031",
      "S032",
      "S033",
      "S035",
      "S036",
      "S037",
      "S038",
      "S039",
      "S040",
      "S041",
      "S042",
      "S043",
      "S044",
      "S045",
      "S046",
      "S047",
      "S048",
      "S049",
      "S050",
      "S051",
      "S052",
      "S053",
      "S054",
      "S055",
      "S056",
      "S058",
      "S059",
      "S060",
      "S061",
      "S062",
      "S064",
      "S065",
      "S067",
      "S068",
      "S069",
      "S070",
      "S071",
      "S072",
      "S073",
      "S074",
      "S075",
      "S076",
      "S077",
      "S078",
      "S079",
      "S080",
      "S081",
      "S082",
      "S083",
      "S084",
      "S085",
      "S086",
      "S087",
      "S088",
      "S090",
      "S091",
      "S092",
      "S093",
      "S094",
      "S096",
      "S097",
      "S099",
      "S100"
    ],
    "tutor_ids": [
      "T001",
      "T002",
      "T003",
      "T004",
      "T005",
      "T006",
      "T007",
      "T008",
      "T009",
      "T010",
      "T011",
      "T012",
      "T013",
      "T014",
      "T015",
      "T016",
      "T017",
      "T018",
      "T019",
      "T020",
      "T021",
      "T022",
      "T023",
      "T024",
      "T025",
      "T026",
      "T027",
      "T028",
      "T029",
      "T030",
      "T031",
      "T032",
      "T033",
      "T034",
      "T035",
      "T036",
      "T037",
      "T038",
      "T039",
      "T040",
      "T041",
      "T042",
      "T043",
      "T044",
      "T045",
      "T046",
      "T047",
      "T048",
      "T049",
      "T050"
    ]
  }
}